T,Vf
s,V vs. Ref.
1.00833,-2.1081E-01
2.01667,-2.1081E-01
3.025,-2.1081E-01
4.03333,-2.1079E-01
5.04167,-2.1077E-01
6.05,-2.1073E-01
7.05833,-2.1069E-01
8.06667,-2.1065E-01
9.075,-2.1060E-01
10.0833,-2.1056E-01
11.0917,-2.1051E-01
12.1,-2.1047E-01
13.1083,-2.1042E-01
14.1167,-2.1037E-01
15.125,-2.1033E-01
16.1333,-2.1028E-01
17.1417,-2.1024E-01
18.15,-2.1019E-01
19.1583,-2.1015E-01
20.1667,-2.1010E-01
21.175,-2.1006E-01
22.1833,-2.1001E-01
23.1917,-2.0996E-01
24.2,-2.0991E-01
25.2083,-2.0987E-01
26.2167,-2.0982E-01
27.225,-2.0977E-01
28.2333,-2.0972E-01
29.2417,-2.0967E-01
30.25,-2.0962E-01
31.2583,-2.0957E-01
32.2667,-2.0952E-01
33.275,-2.0948E-01
34.2833,-2.0943E-01
35.2917,-2.0938E-01
36.3,-2.0933E-01
37.3083,-2.0929E-01
38.3167,-2.0924E-01
39.325,-2.0919E-01
40.3333,-2.0914E-01
41.3417,-2.0909E-01
42.35,-2.0905E-01
43.3583,-2.0900E-01
44.3667,-2.0895E-01
45.375,-2.0890E-01
46.3833,-2.0885E-01
47.3917,-2.0881E-01
48.4,-2.0876E-01
49.4083,-2.0871E-01
50.4167,-2.0867E-01
51.425,-2.0862E-01
52.4333,-2.0857E-01
53.4417,-2.0853E-01
54.45,-2.0848E-01
55.4583,-2.0843E-01
56.4667,-2.0839E-01
57.475,-2.0834E-01
58.4833,-2.0829E-01
59.4917,-2.0824E-01
60.5,-2.0820E-01
61.5083,-2.0815E-01
62.5167,-2.0811E-01
63.525,-2.0806E-01
64.5333,-2.0801E-01
65.5417,-2.0797E-01
66.55,-2.0792E-01
67.5583,-2.0788E-01
68.5667,-2.0783E-01
69.575,-2.0779E-01
70.5833,-2.0774E-01
71.5917,-2.0769E-01
72.6,-2.0765E-01
73.6083,-2.0760E-01
74.6167,-2.0756E-01
75.625,-2.0751E-01
76.6333,-2.0747E-01
77.6417,-2.0742E-01
78.65,-2.0738E-01
79.6583,-2.0733E-01
80.6667,-2.0728E-01
81.675,-2.0724E-01
82.6833,-2.0719E-01
83.6917,-2.0715E-01
84.7,-2.0710E-01
85.7083,-2.0706E-01
86.7167,-2.0701E-01
87.725,-2.0697E-01
88.7333,-2.0692E-01
89.7417,-2.0688E-01
90.75,-2.0684E-01
91.7583,-2.0679E-01
92.7667,-2.0675E-01
93.775,-2.0671E-01
94.7833,-2.0667E-01
95.792,-2.0663E-01
96.8,-2.0659E-01
97.808,-2.0655E-01
98.817,-2.0650E-01
99.825,-2.0645E-01
100.833,-2.0641E-01
101.842,-2.0636E-01
102.85,-2.0631E-01
103.858,-2.0627E-01
104.867,-2.0622E-01
105.875,-2.0618E-01
106.883,-2.0613E-01
107.892,-2.0609E-01
108.9,-2.0604E-01
109.908,-2.0600E-01
110.917,-2.0595E-01
111.925,-2.0591E-01
112.933,-2.0587E-01
113.942,-2.0582E-01
114.95,-2.0578E-01
115.958,-2.0573E-01
116.967,-2.0569E-01
117.975,-2.0565E-01
118.983,-2.0560E-01
119.992,-2.0556E-01
121,-2.0551E-01
122.008,-2.0547E-01
123.017,-2.0542E-01
124.025,-2.0538E-01
125.033,-2.0534E-01
126.042,-2.0529E-01
127.05,-2.0525E-01
128.058,-2.0521E-01
129.067,-2.0517E-01
130.075,-2.0513E-01
131.083,-2.0509E-01
132.092,-2.0504E-01
133.1,-2.0500E-01
134.108,-2.0496E-01
135.117,-2.0492E-01
136.125,-2.0488E-01
137.133,-2.0484E-01
138.142,-2.0479E-01
139.15,-2.0475E-01
140.158,-2.0471E-01
141.167,-2.0467E-01
142.175,-2.0463E-01
143.183,-2.0459E-01
144.192,-2.0455E-01
145.2,-2.0451E-01
146.208,-2.0447E-01
147.217,-2.0443E-01
148.225,-2.0439E-01
149.233,-2.0435E-01
150.242,-2.0431E-01
151.25,-2.0427E-01
152.258,-2.0423E-01
153.267,-2.0419E-01
154.275,-2.0415E-01
155.283,-2.0411E-01
156.292,-2.0407E-01
157.3,-2.0402E-01
158.308,-2.0398E-01
159.317,-2.0394E-01
160.325,-2.0390E-01
161.333,-2.0386E-01
162.342,-2.0381E-01
163.35,-2.0377E-01
164.358,-2.0373E-01
165.367,-2.0369E-01
166.375,-2.0365E-01
167.383,-2.0361E-01
168.392,-2.0356E-01
169.4,-2.0352E-01
170.408,-2.0348E-01
171.417,-2.0343E-01
172.425,-2.0339E-01
173.433,-2.0335E-01
174.442,-2.0330E-01
175.45,-2.0326E-01
176.458,-2.0321E-01
177.467,-2.0317E-01
178.475,-2.0313E-01
179.483,-2.0309E-01
180.492,-2.0304E-01
181.5,-2.0300E-01
182.508,-2.0296E-01
183.517,-2.0292E-01
184.525,-2.0287E-01
185.533,-2.0283E-01
186.542,-2.0279E-01
187.55,-2.0275E-01
188.558,-2.0270E-01
189.567,-2.0266E-01
190.575,-2.0262E-01
191.583,-2.0258E-01
192.592,-2.0254E-01
193.6,-2.0250E-01
194.608,-2.0245E-01
195.617,-2.0241E-01
196.625,-2.0237E-01
197.633,-2.0232E-01
198.642,-2.0228E-01
199.65,-2.0224E-01
200.658,-2.0220E-01
201.667,-2.0215E-01
202.675,-2.0211E-01
203.683,-2.0207E-01
204.692,-2.0203E-01
205.7,-2.0198E-01
206.708,-2.0194E-01
207.717,-2.0190E-01
208.725,-2.0186E-01
209.733,-2.0182E-01
210.742,-2.0177E-01
211.75,-2.0173E-01
212.758,-2.0169E-01
213.767,-2.0165E-01
214.775,-2.0160E-01
215.783,-2.0156E-01
216.792,-2.0152E-01
217.8,-2.0148E-01
218.808,-2.0144E-01
219.817,-2.0139E-01
220.825,-2.0135E-01
221.833,-2.0131E-01
222.842,-2.0127E-01
223.85,-2.0122E-01
224.858,-2.0118E-01
225.867,-2.0114E-01
226.875,-2.0110E-01
227.883,-2.0105E-01
228.892,-2.0101E-01
229.9,-2.0097E-01
230.908,-2.0092E-01
231.917,-2.0088E-01
232.925,-2.0084E-01
233.933,-2.0079E-01
234.942,-2.0075E-01
235.95,-2.0071E-01
236.958,-2.0067E-01
237.967,-2.0062E-01
238.975,-2.0058E-01
239.983,-2.0054E-01
240.992,-2.0050E-01
242,-2.0046E-01
243.008,-2.0042E-01
244.017,-2.0037E-01
245.025,-2.0033E-01
246.033,-2.0029E-01
247.042,-2.0025E-01
248.05,-2.0021E-01
249.058,-2.0016E-01
250.067,-2.0012E-01
251.075,-2.0008E-01
252.083,-2.0003E-01
253.092,-1.9999E-01
254.1,-1.9995E-01
255.108,-1.9991E-01
256.117,-1.9987E-01
257.125,-1.9983E-01
258.133,-1.9979E-01
259.142,-1.9975E-01
260.15,-1.9971E-01
261.158,-1.9967E-01
262.167,-1.9963E-01
263.175,-1.9959E-01
264.183,-1.9955E-01
265.192,-1.9952E-01
266.2,-1.9948E-01
267.208,-1.9944E-01
268.217,-1.9940E-01
269.225,-1.9936E-01
270.233,-1.9933E-01
271.242,-1.9929E-01
272.25,-1.9925E-01
273.258,-1.9921E-01
274.267,-1.9917E-01
275.275,-1.9914E-01
276.283,-1.9910E-01
277.292,-1.9906E-01
278.3,-1.9902E-01
279.308,-1.9898E-01
280.317,-1.9894E-01
281.325,-1.9891E-01
282.333,-1.9887E-01
283.342,-1.9883E-01
284.35,-1.9879E-01
285.358,-1.9875E-01
286.367,-1.9871E-01
287.375,-1.9867E-01
288.383,-1.9863E-01
289.392,-1.9859E-01
290.4,-1.9855E-01
291.408,-1.9851E-01
292.417,-1.9847E-01
293.425,-1.9844E-01
294.433,-1.9840E-01
295.442,-1.9836E-01
296.45,-1.9832E-01
297.458,-1.9828E-01
298.467,-1.9825E-01
299.475,-1.9821E-01
300.483,-1.9817E-01
301.492,-1.9813E-01
302.5,-1.9809E-01
303.508,-1.9805E-01
304.517,-1.9802E-01
305.525,-1.9798E-01
306.533,-1.9794E-01
307.542,-1.9790E-01
308.55,-1.9786E-01
309.558,-1.9782E-01
310.567,-1.9778E-01
311.575,-1.9775E-01
312.583,-1.9771E-01
313.592,-1.9767E-01
314.6,-1.9763E-01
315.608,-1.9759E-01
316.617,-1.9756E-01
317.625,-1.9752E-01
318.633,-1.9748E-01
319.642,-1.9744E-01
320.65,-1.9740E-01
321.658,-1.9737E-01
322.667,-1.9733E-01
323.675,-1.9729E-01
324.683,-1.9725E-01
325.692,-1.9722E-01
326.7,-1.9718E-01
327.708,-1.9714E-01
328.717,-1.9710E-01
329.725,-1.9707E-01
330.733,-1.9703E-01
331.742,-1.9699E-01
332.75,-1.9695E-01
333.758,-1.9692E-01
334.767,-1.9688E-01
335.775,-1.9684E-01
336.783,-1.9680E-01
337.792,-1.9677E-01
338.8,-1.9673E-01
339.808,-1.9669E-01
340.817,-1.9666E-01
341.825,-1.9662E-01
342.833,-1.9658E-01
343.842,-1.9655E-01
344.85,-1.9651E-01
345.858,-1.9648E-01
346.867,-1.9644E-01
347.875,-1.9640E-01
348.883,-1.9637E-01
349.892,-1.9633E-01
350.9,-1.9629E-01
351.908,-1.9625E-01
352.917,-1.9622E-01
353.925,-1.9618E-01
354.933,-1.9614E-01
355.942,-1.9611E-01
356.95,-1.9607E-01
357.958,-1.9603E-01
358.967,-1.9600E-01
359.975,-1.9596E-01
360.983,-1.9592E-01
361.992,-1.9588E-01
363,-1.9585E-01
364.008,-1.9581E-01
365.017,-1.9577E-01
366.025,-1.9574E-01
367.033,-1.9570E-01
368.042,-1.9566E-01
369.05,-1.9563E-01
370.058,-1.9559E-01
371.067,-1.9555E-01
372.075,-1.9551E-01
373.083,-1.9548E-01
374.092,-1.9544E-01
375.1,-1.9540E-01
376.108,-1.9537E-01
377.117,-1.9533E-01
378.125,-1.9530E-01
379.133,-1.9526E-01
380.142,-1.9522E-01
381.15,-1.9519E-01
382.158,-1.9516E-01
383.167,-1.9513E-01
384.175,-1.9510E-01
385.183,-1.9507E-01
386.192,-1.9503E-01
387.2,-1.9499E-01
388.208,-1.9496E-01
389.217,-1.9492E-01
390.225,-1.9488E-01
391.233,-1.9484E-01
392.242,-1.9480E-01
393.25,-1.9477E-01
394.258,-1.9473E-01
395.267,-1.9469E-01
396.275,-1.9465E-01
397.283,-1.9462E-01
398.292,-1.9458E-01
399.3,-1.9454E-01
400.308,-1.9451E-01
401.317,-1.9447E-01
402.325,-1.9444E-01
403.333,-1.9440E-01
404.342,-1.9437E-01
405.35,-1.9433E-01
406.358,-1.9430E-01
407.367,-1.9426E-01
408.375,-1.9423E-01
409.383,-1.9419E-01
410.392,-1.9416E-01
411.4,-1.9412E-01
412.408,-1.9409E-01
413.417,-1.9405E-01
414.425,-1.9402E-01
415.433,-1.9398E-01
416.442,-1.9395E-01
417.45,-1.9391E-01
418.458,-1.9388E-01
419.467,-1.9384E-01
420.475,-1.9381E-01
421.483,-1.9377E-01
422.492,-1.9374E-01
423.5,-1.9370E-01
424.508,-1.9367E-01
425.517,-1.9363E-01
426.525,-1.9360E-01
427.533,-1.9356E-01
428.542,-1.9353E-01
429.55,-1.9349E-01
430.558,-1.9345E-01
431.567,-1.9341E-01
432.575,-1.9337E-01
433.583,-1.9334E-01
434.592,-1.9330E-01
435.6,-1.9327E-01
436.608,-1.9324E-01
437.617,-1.9321E-01
438.625,-1.9317E-01
439.633,-1.9314E-01
440.642,-1.9311E-01
441.65,-1.9308E-01
442.658,-1.9304E-01
443.667,-1.9301E-01
444.675,-1.9298E-01
445.683,-1.9294E-01
446.692,-1.9291E-01
447.7,-1.9287E-01
448.708,-1.9284E-01
449.717,-1.9281E-01
450.725,-1.9277E-01
451.733,-1.9274E-01
452.742,-1.9271E-01
453.75,-1.9267E-01
454.758,-1.9264E-01
455.767,-1.9260E-01
456.775,-1.9257E-01
457.783,-1.9254E-01
458.792,-1.9250E-01
459.8,-1.9247E-01
460.808,-1.9244E-01
461.817,-1.9240E-01
462.825,-1.9236E-01
463.833,-1.9233E-01
464.842,-1.9229E-01
465.85,-1.9226E-01
466.858,-1.9223E-01
467.867,-1.9219E-01
468.875,-1.9216E-01
469.883,-1.9212E-01
470.892,-1.9209E-01
471.9,-1.9206E-01
472.908,-1.9202E-01
473.917,-1.9199E-01
474.925,-1.9195E-01
475.933,-1.9192E-01
476.942,-1.9189E-01
477.95,-1.9185E-01
478.958,-1.9182E-01
479.967,-1.9178E-01
480.975,-1.9175E-01
481.983,-1.9171E-01
482.992,-1.9168E-01
484,-1.9165E-01
485.008,-1.9161E-01
486.017,-1.9158E-01
487.025,-1.9154E-01
488.033,-1.9151E-01
489.042,-1.9147E-01
490.05,-1.9144E-01
491.058,-1.9140E-01
492.067,-1.9137E-01
493.075,-1.9134E-01
494.083,-1.9130E-01
495.092,-1.9127E-01
496.1,-1.9124E-01
497.108,-1.9120E-01
498.117,-1.9117E-01
499.125,-1.9113E-01
500.133,-1.9110E-01
501.142,-1.9106E-01
502.15,-1.9103E-01
503.158,-1.9100E-01
504.167,-1.9096E-01
505.175,-1.9093E-01
506.183,-1.9090E-01
507.192,-1.9086E-01
508.2,-1.9083E-01
509.208,-1.9080E-01
510.217,-1.9076E-01
511.225,-1.9073E-01
512.233,-1.9069E-01
513.242,-1.9066E-01
514.25,-1.9063E-01
515.258,-1.9059E-01
516.267,-1.9056E-01
517.275,-1.9052E-01
518.283,-1.9049E-01
519.292,-1.9046E-01
520.3,-1.9042E-01
521.308,-1.9039E-01
522.317,-1.9035E-01
523.325,-1.9032E-01
524.333,-1.9029E-01
525.342,-1.9025E-01
526.35,-1.9022E-01
527.358,-1.9018E-01
528.367,-1.9015E-01
529.375,-1.9011E-01
530.383,-1.9008E-01
531.392,-1.9004E-01
532.4,-1.9001E-01
533.408,-1.8998E-01
534.417,-1.8994E-01
535.425,-1.8991E-01
536.433,-1.8988E-01
537.442,-1.8984E-01
538.45,-1.8981E-01
539.458,-1.8977E-01
540.467,-1.8974E-01
541.475,-1.8970E-01
542.483,-1.8967E-01
543.492,-1.8964E-01
544.5,-1.8960E-01
545.508,-1.8957E-01
546.517,-1.8954E-01
547.525,-1.8950E-01
548.533,-1.8947E-01
549.542,-1.8943E-01
550.55,-1.8940E-01
551.558,-1.8936E-01
552.567,-1.8933E-01
553.575,-1.8930E-01
554.583,-1.8926E-01
555.592,-1.8923E-01
556.6,-1.8919E-01
557.608,-1.8916E-01
558.617,-1.8912E-01
559.625,-1.8909E-01
560.633,-1.8905E-01
561.642,-1.8902E-01
562.65,-1.8899E-01
563.658,-1.8895E-01
564.667,-1.8892E-01
565.675,-1.8888E-01
566.683,-1.8885E-01
567.692,-1.8882E-01
568.7,-1.8878E-01
569.708,-1.8875E-01
570.717,-1.8871E-01
571.725,-1.8868E-01
572.733,-1.8865E-01
573.742,-1.8861E-01
574.75,-1.8858E-01
575.758,-1.8854E-01
576.767,-1.8851E-01
577.775,-1.8847E-01
578.783,-1.8844E-01
579.792,-1.8840E-01
580.8,-1.8837E-01
581.808,-1.8834E-01
582.817,-1.8830E-01
583.825,-1.8827E-01
584.833,-1.8824E-01
585.842,-1.8820E-01
586.85,-1.8817E-01
587.858,-1.8814E-01
588.867,-1.8811E-01
589.875,-1.8807E-01
590.883,-1.8804E-01
591.892,-1.8801E-01
592.9,-1.8798E-01
593.908,-1.8794E-01
594.917,-1.8791E-01
595.925,-1.8787E-01
596.933,-1.8784E-01
597.942,-1.8781E-01
598.95,-1.8777E-01
599.958,-1.8774E-01
600.967,-1.8771E-01
601.975,-1.8767E-01
602.983,-1.8764E-01
603.992,-1.8761E-01
605,-1.8757E-01
606.008,-1.8754E-01
607.017,-1.8751E-01
608.025,-1.8747E-01
609.033,-1.8744E-01
610.042,-1.8741E-01
611.05,-1.8737E-01
612.058,-1.8734E-01
613.067,-1.8730E-01
614.075,-1.8727E-01
615.083,-1.8724E-01
616.092,-1.8720E-01
617.1,-1.8717E-01
618.108,-1.8713E-01
619.117,-1.8710E-01
620.125,-1.8707E-01
621.133,-1.8704E-01
622.142,-1.8700E-01
623.15,-1.8697E-01
624.158,-1.8694E-01
625.167,-1.8690E-01
626.175,-1.8687E-01
627.183,-1.8684E-01
628.192,-1.8680E-01
629.2,-1.8677E-01
630.208,-1.8674E-01
631.217,-1.8670E-01
632.225,-1.8667E-01
633.233,-1.8664E-01
634.242,-1.8661E-01
635.25,-1.8657E-01
636.258,-1.8654E-01
637.267,-1.8651E-01
638.275,-1.8647E-01
639.283,-1.8644E-01
640.292,-1.8641E-01
641.3,-1.8638E-01
642.308,-1.8635E-01
643.317,-1.8631E-01
644.325,-1.8628E-01
645.333,-1.8625E-01
646.342,-1.8622E-01
647.35,-1.8618E-01
648.358,-1.8615E-01
649.367,-1.8612E-01
650.375,-1.8609E-01
651.383,-1.8606E-01
652.392,-1.8603E-01
653.4,-1.8599E-01
654.408,-1.8596E-01
655.417,-1.8593E-01
656.425,-1.8589E-01
657.433,-1.8586E-01
658.442,-1.8583E-01
659.45,-1.8580E-01
660.458,-1.8576E-01
661.467,-1.8573E-01
662.475,-1.8570E-01
663.483,-1.8567E-01
664.492,-1.8563E-01
665.5,-1.8560E-01
666.508,-1.8557E-01
667.517,-1.8553E-01
668.525,-1.8550E-01
669.533,-1.8547E-01
670.542,-1.8544E-01
671.55,-1.8541E-01
672.558,-1.8537E-01
673.567,-1.8534E-01
674.575,-1.8531E-01
675.583,-1.8528E-01
676.592,-1.8524E-01
677.6,-1.8521E-01
678.608,-1.8518E-01
679.617,-1.8515E-01
680.625,-1.8512E-01
681.633,-1.8509E-01
682.642,-1.8505E-01
683.65,-1.8502E-01
684.658,-1.8499E-01
685.667,-1.8496E-01
686.675,-1.8493E-01
687.683,-1.8490E-01
688.692,-1.8486E-01
689.7,-1.8483E-01
690.708,-1.8480E-01
691.717,-1.8477E-01
692.725,-1.8473E-01
693.733,-1.8470E-01
694.742,-1.8467E-01
695.75,-1.8464E-01
696.758,-1.8461E-01
697.767,-1.8457E-01
698.775,-1.8454E-01
699.783,-1.8451E-01
700.792,-1.8448E-01
701.8,-1.8445E-01
702.808,-1.8441E-01
703.817,-1.8438E-01
704.825,-1.8435E-01
705.833,-1.8431E-01
706.842,-1.8428E-01
707.85,-1.8424E-01
708.858,-1.8421E-01
709.867,-1.8418E-01
710.875,-1.8415E-01
711.883,-1.8411E-01
712.892,-1.8408E-01
713.9,-1.8404E-01
714.908,-1.8401E-01
715.917,-1.8398E-01
716.925,-1.8394E-01
717.933,-1.8391E-01
718.942,-1.8387E-01
719.95,-1.8384E-01
720.958,-1.8380E-01
721.967,-1.8377E-01
722.975,-1.8374E-01
723.983,-1.8371E-01
724.992,-1.8368E-01
726,-1.8364E-01
727.008,-1.8361E-01
728.017,-1.8358E-01
729.025,-1.8355E-01
730.033,-1.8351E-01
731.042,-1.8348E-01
732.05,-1.8345E-01
733.058,-1.8341E-01
734.067,-1.8338E-01
735.075,-1.8334E-01
736.083,-1.8331E-01
737.092,-1.8328E-01
738.1,-1.8325E-01
739.108,-1.8321E-01
740.117,-1.8318E-01
741.125,-1.8315E-01
742.133,-1.8311E-01
743.142,-1.8308E-01
744.15,-1.8305E-01
745.158,-1.8301E-01
746.167,-1.8298E-01
747.175,-1.8295E-01
748.183,-1.8291E-01
749.192,-1.8288E-01
750.2,-1.8285E-01
751.208,-1.8281E-01
752.217,-1.8278E-01
753.225,-1.8275E-01
754.233,-1.8271E-01
755.242,-1.8268E-01
756.25,-1.8264E-01
757.258,-1.8261E-01
758.267,-1.8257E-01
759.275,-1.8254E-01
760.283,-1.8250E-01
761.292,-1.8247E-01
762.3,-1.8243E-01
763.308,-1.8240E-01
764.317,-1.8236E-01
765.325,-1.8233E-01
766.333,-1.8229E-01
767.342,-1.8226E-01
768.35,-1.8222E-01
769.358,-1.8219E-01
770.367,-1.8215E-01
771.375,-1.8211E-01
772.383,-1.8208E-01
773.392,-1.8204E-01
774.4,-1.8201E-01
775.408,-1.8197E-01
776.417,-1.8194E-01
777.425,-1.8190E-01
778.433,-1.8187E-01
779.442,-1.8183E-01
780.45,-1.8179E-01
781.458,-1.8176E-01
782.467,-1.8172E-01
783.475,-1.8168E-01
784.483,-1.8165E-01
785.492,-1.8161E-01
786.5,-1.8158E-01
787.508,-1.8154E-01
788.517,-1.8151E-01
789.525,-1.8147E-01
790.533,-1.8143E-01
791.542,-1.8140E-01
792.55,-1.8136E-01
793.558,-1.8132E-01
794.567,-1.8129E-01
795.575,-1.8125E-01
796.583,-1.8121E-01
797.592,-1.8117E-01
798.6,-1.8114E-01
799.608,-1.8110E-01
800.617,-1.8106E-01
801.625,-1.8103E-01
802.633,-1.8099E-01
803.642,-1.8095E-01
804.65,-1.8091E-01
805.658,-1.8088E-01
806.667,-1.8084E-01
807.675,-1.8080E-01
808.683,-1.8076E-01
809.692,-1.8073E-01
810.7,-1.8069E-01
811.708,-1.8065E-01
812.717,-1.8061E-01
813.725,-1.8058E-01
814.733,-1.8054E-01
815.742,-1.8050E-01
816.75,-1.8047E-01
817.758,-1.8043E-01
818.767,-1.8039E-01
819.775,-1.8036E-01
820.783,-1.8032E-01
821.792,-1.8028E-01
822.8,-1.8025E-01
823.808,-1.8021E-01
824.817,-1.8017E-01
825.825,-1.8014E-01
826.833,-1.8010E-01
827.842,-1.8006E-01
828.85,-1.8003E-01
829.858,-1.7999E-01
830.867,-1.7996E-01
831.875,-1.7992E-01
832.883,-1.7989E-01
833.892,-1.7985E-01
834.9,-1.7981E-01
835.908,-1.7978E-01
836.917,-1.7974E-01
837.925,-1.7971E-01
838.933,-1.7967E-01
839.942,-1.7964E-01
840.95,-1.7960E-01
841.958,-1.7957E-01
842.967,-1.7953E-01
843.975,-1.7950E-01
844.983,-1.7946E-01
845.992,-1.7943E-01
847,-1.7940E-01
848.008,-1.7937E-01
849.017,-1.7934E-01
850.025,-1.7930E-01
851.033,-1.7927E-01
852.042,-1.7923E-01
853.05,-1.7919E-01
854.058,-1.7916E-01
855.067,-1.7912E-01
856.075,-1.7909E-01
857.083,-1.7906E-01
858.092,-1.7902E-01
859.1,-1.7899E-01
860.108,-1.7896E-01
861.117,-1.7892E-01
862.125,-1.7889E-01
863.133,-1.7886E-01
864.142,-1.7882E-01
865.15,-1.7879E-01
866.158,-1.7876E-01
867.167,-1.7872E-01
868.175,-1.7869E-01
869.183,-1.7866E-01
870.192,-1.7863E-01
871.2,-1.7860E-01
872.208,-1.7857E-01
873.217,-1.7853E-01
874.225,-1.7850E-01
875.233,-1.7847E-01
876.242,-1.7844E-01
877.25,-1.7841E-01
878.258,-1.7838E-01
879.267,-1.7835E-01
880.275,-1.7831E-01
881.283,-1.7828E-01
882.292,-1.7825E-01
883.3,-1.7822E-01
884.308,-1.7819E-01
885.317,-1.7815E-01
886.325,-1.7812E-01
887.333,-1.7809E-01
888.342,-1.7806E-01
889.35,-1.7803E-01
890.358,-1.7800E-01
891.367,-1.7797E-01
892.375,-1.7794E-01
893.383,-1.7791E-01
894.392,-1.7788E-01
895.4,-1.7785E-01
896.408,-1.7782E-01
897.417,-1.7779E-01
898.425,-1.7776E-01
899.433,-1.7773E-01
900.442,-1.7770E-01
901.45,-1.7767E-01
902.458,-1.7764E-01
903.467,-1.7761E-01
904.475,-1.7758E-01
905.483,-1.7755E-01
906.492,-1.7752E-01
907.5,-1.7749E-01
908.508,-1.7746E-01
909.517,-1.7743E-01
910.525,-1.7740E-01
911.533,-1.7737E-01
912.542,-1.7734E-01
913.55,-1.7731E-01
914.558,-1.7728E-01
915.567,-1.7725E-01
916.575,-1.7722E-01
917.583,-1.7719E-01
918.592,-1.7716E-01
919.6,-1.7713E-01
920.608,-1.7710E-01
921.617,-1.7707E-01
922.625,-1.7704E-01
923.633,-1.7701E-01
924.642,-1.7698E-01
925.65,-1.7695E-01
926.658,-1.7692E-01
927.667,-1.7689E-01
928.675,-1.7686E-01
929.683,-1.7683E-01
930.692,-1.7680E-01
931.7,-1.7677E-01
932.708,-1.7674E-01
933.717,-1.7671E-01
934.725,-1.7668E-01
935.733,-1.7665E-01
936.742,-1.7662E-01
937.75,-1.7659E-01
938.758,-1.7656E-01
939.767,-1.7654E-01
940.775,-1.7651E-01
941.783,-1.7648E-01
942.792,-1.7645E-01
943.8,-1.7642E-01
944.808,-1.7639E-01
945.817,-1.7636E-01
946.825,-1.7633E-01
947.833,-1.7630E-01
948.842,-1.7627E-01
949.85,-1.7625E-01
950.86,-1.7622E-01
951.87,-1.7619E-01
952.88,-1.7616E-01
953.88,-1.7613E-01
954.89,-1.7610E-01
955.9,-1.7607E-01
956.91,-1.7604E-01
957.92,-1.7602E-01
958.92,-1.7599E-01
959.93,-1.7596E-01
960.94,-1.7593E-01
961.95,-1.7590E-01
962.96,-1.7587E-01
963.97,-1.7584E-01
964.97,-1.7581E-01
965.98,-1.7579E-01
966.99,-1.7576E-01
968,-1.7573E-01
969.01,-1.7570E-01
970.02,-1.7567E-01
971.02,-1.7564E-01
972.03,-1.7561E-01
973.04,-1.7558E-01
974.05,-1.7555E-01
975.06,-1.7552E-01
976.07,-1.7549E-01
977.08,-1.7546E-01
978.08,-1.7543E-01
979.09,-1.7541E-01
980.1,-1.7538E-01
981.11,-1.7535E-01
982.12,-1.7532E-01
983.13,-1.7529E-01
984.13,-1.7526E-01
985.14,-1.7523E-01
986.15,-1.7520E-01
987.16,-1.7517E-01
988.17,-1.7514E-01
989.17,-1.7511E-01
990.18,-1.7508E-01
991.19,-1.7505E-01
992.2,-1.7502E-01
993.21,-1.7499E-01
994.22,-1.7496E-01
995.22,-1.7493E-01
996.23,-1.7490E-01
997.24,-1.7487E-01
998.25,-1.7484E-01
999.26,-1.7481E-01
1000.27,-1.7478E-01
1001.27,-1.7475E-01
1002.28,-1.7472E-01
1003.29,-1.7469E-01
1004.3,-1.7466E-01
1005.31,-1.7463E-01
1006.32,-1.7459E-01
1007.33,-1.7456E-01
1008.33,-1.7453E-01
1009.34,-1.7450E-01
1010.35,-1.7447E-01
1011.36,-1.7445E-01
1012.37,-1.7442E-01
1013.38,-1.7439E-01
1014.38,-1.7436E-01
1015.39,-1.7433E-01
1016.4,-1.7430E-01
1017.41,-1.7427E-01
1018.42,-1.7424E-01
1019.42,-1.7421E-01
1020.43,-1.7418E-01
1021.44,-1.7415E-01
1022.45,-1.7413E-01
1023.46,-1.7410E-01
1024.47,-1.7407E-01
1025.47,-1.7405E-01
1026.48,-1.7402E-01
1027.49,-1.7400E-01
1028.5,-1.7397E-01
1029.51,-1.7394E-01
1030.52,-1.7392E-01
1031.53,-1.7389E-01
1032.53,-1.7386E-01
1033.54,-1.7383E-01
1034.55,-1.7381E-01
1035.56,-1.7378E-01
1036.57,-1.7375E-01
1037.57,-1.7372E-01
1038.58,-1.7369E-01
1039.59,-1.7366E-01
1040.6,-1.7363E-01
1041.61,-1.7360E-01
1042.62,-1.7357E-01
1043.63,-1.7354E-01
1044.63,-1.7351E-01
1045.64,-1.7348E-01
1046.65,-1.7345E-01
1047.66,-1.7342E-01
1048.67,-1.7340E-01
1049.68,-1.7337E-01
1050.68,-1.7334E-01
1051.69,-1.7331E-01
1052.7,-1.7328E-01
1053.71,-1.7325E-01
1054.72,-1.7323E-01
1055.72,-1.7320E-01
1056.73,-1.7317E-01
1057.74,-1.7314E-01
1058.75,-1.7311E-01
1059.76,-1.7308E-01
1060.77,-1.7305E-01
1061.78,-1.7302E-01
1062.78,-1.7300E-01
1063.79,-1.7297E-01
1064.8,-1.7294E-01
1065.81,-1.7291E-01
1066.82,-1.7288E-01
1067.82,-1.7285E-01
1068.83,-1.7283E-01
1069.84,-1.7280E-01
1070.85,-1.7277E-01
1071.86,-1.7274E-01
1072.87,-1.7271E-01
1073.88,-1.7268E-01
1074.88,-1.7265E-01
1075.89,-1.7263E-01
1076.9,-1.7260E-01
1077.91,-1.7256E-01
1078.92,-1.7253E-01
1079.93,-1.7250E-01
1080.93,-1.7247E-01
1081.94,-1.7245E-01
1082.95,-1.7242E-01
1083.96,-1.7239E-01
1084.97,-1.7236E-01
1085.97,-1.7233E-01
1086.98,-1.7231E-01
1087.99,-1.7228E-01
1089,-1.7225E-01
1090.01,-1.7222E-01
1091.02,-1.7220E-01
1092.03,-1.7217E-01
1093.03,-1.7215E-01
1094.04,-1.7212E-01
1095.05,-1.7209E-01
1096.06,-1.7207E-01
1097.07,-1.7204E-01
1098.07,-1.7201E-01
1099.08,-1.7198E-01
1100.09,-1.7195E-01
1101.1,-1.7193E-01
1102.11,-1.7190E-01
1103.12,-1.7187E-01
1104.13,-1.7185E-01
1105.13,-1.7182E-01
1106.14,-1.7180E-01
1107.15,-1.7177E-01
1108.16,-1.7175E-01
1109.17,-1.7173E-01
1110.18,-1.7170E-01
1111.18,-1.7167E-01
1112.19,-1.7165E-01
1113.2,-1.7162E-01
1114.21,-1.7160E-01
1115.22,-1.7157E-01
1116.22,-1.7155E-01
1117.23,-1.7152E-01
1118.24,-1.7149E-01
1119.25,-1.7146E-01
1120.26,-1.7144E-01
1121.27,-1.7141E-01
1122.28,-1.7139E-01
1123.28,-1.7136E-01
1124.29,-1.7134E-01
1125.3,-1.7131E-01
1126.31,-1.7129E-01
1127.32,-1.7126E-01
1128.32,-1.7124E-01
1129.33,-1.7121E-01
1130.34,-1.7118E-01
1131.35,-1.7116E-01
1132.36,-1.7113E-01
1133.37,-1.7110E-01
1134.38,-1.7108E-01
1135.38,-1.7105E-01
1136.39,-1.7103E-01
1137.4,-1.7100E-01
1138.41,-1.7097E-01
1139.42,-1.7095E-01
1140.43,-1.7092E-01
1141.43,-1.7089E-01
1142.44,-1.7087E-01
1143.45,-1.7084E-01
1144.46,-1.7081E-01
1145.47,-1.7079E-01
1146.47,-1.7076E-01
1147.48,-1.7073E-01
1148.49,-1.7071E-01
1149.5,-1.7068E-01
1150.51,-1.7065E-01
1151.52,-1.7063E-01
1152.53,-1.7060E-01
1153.53,-1.7057E-01
1154.54,-1.7055E-01
1155.55,-1.7052E-01
1156.56,-1.7050E-01
1157.57,-1.7047E-01
1158.57,-1.7044E-01
1159.58,-1.7042E-01
1160.59,-1.7039E-01
1161.6,-1.7037E-01
1162.61,-1.7034E-01
1163.62,-1.7031E-01
1164.63,-1.7029E-01
1165.63,-1.7026E-01
1166.64,-1.7023E-01
1167.65,-1.7021E-01
1168.66,-1.7018E-01
1169.67,-1.7016E-01
1170.68,-1.7013E-01
1171.68,-1.7011E-01
1172.69,-1.7009E-01
1173.7,-1.7006E-01
1174.71,-1.7004E-01
1175.72,-1.7001E-01
1176.72,-1.6999E-01
1177.73,-1.6996E-01
1178.74,-1.6994E-01
1179.75,-1.6992E-01
1180.76,-1.6989E-01
1181.77,-1.6987E-01
1182.78,-1.6984E-01
1183.78,-1.6982E-01
1184.79,-1.6979E-01
1185.8,-1.6977E-01
1186.81,-1.6974E-01
1187.82,-1.6972E-01
1188.82,-1.6969E-01
1189.83,-1.6967E-01
1190.84,-1.6964E-01
1191.85,-1.6962E-01
1192.86,-1.6960E-01
1193.87,-1.6957E-01
1194.88,-1.6955E-01
1195.88,-1.6952E-01
1196.89,-1.6949E-01
1197.9,-1.6946E-01
1198.91,-1.6943E-01
1199.92,-1.6940E-01
1200.93,-1.6938E-01
1201.93,-1.6936E-01
1202.94,-1.6934E-01
1203.95,-1.6932E-01
1204.96,-1.6929E-01
1205.97,-1.6927E-01
1206.97,-1.6925E-01
1207.98,-1.6923E-01
1208.99,-1.6921E-01
1210,-1.6919E-01
1211.01,-1.6916E-01
1212.02,-1.6914E-01
1213.03,-1.6912E-01
1214.03,-1.6910E-01
1215.04,-1.6907E-01
1216.05,-1.6905E-01
1217.06,-1.6903E-01
1218.07,-1.6901E-01
1219.07,-1.6899E-01
1220.08,-1.6896E-01
1221.09,-1.6894E-01
1222.1,-1.6892E-01
1223.11,-1.6890E-01
1224.12,-1.6887E-01
1225.13,-1.6885E-01
1226.13,-1.6883E-01
1227.14,-1.6881E-01
1228.15,-1.6879E-01
1229.16,-1.6876E-01
1230.17,-1.6874E-01
1231.18,-1.6872E-01
1232.18,-1.6870E-01
1233.19,-1.6867E-01
1234.2,-1.6865E-01
1235.21,-1.6863E-01
1236.22,-1.6861E-01
1237.22,-1.6859E-01
1238.23,-1.6856E-01
1239.24,-1.6854E-01
1240.25,-1.6852E-01
1241.26,-1.6850E-01
1242.27,-1.6848E-01
1243.28,-1.6846E-01
1244.28,-1.6844E-01
1245.29,-1.6841E-01
1246.3,-1.6839E-01
1247.31,-1.6837E-01
1248.32,-1.6835E-01
1249.32,-1.6832E-01
1250.33,-1.6830E-01
1251.34,-1.6828E-01
1252.35,-1.6826E-01
1253.36,-1.6824E-01
1254.37,-1.6821E-01
1255.38,-1.6819E-01
1256.38,-1.6817E-01
1257.39,-1.6815E-01
1258.4,-1.6813E-01
1259.41,-1.6811E-01
1260.42,-1.6809E-01
1261.43,-1.6806E-01
1262.43,-1.6804E-01
1263.44,-1.6802E-01
1264.45,-1.6799E-01
1265.46,-1.6797E-01
1266.47,-1.6795E-01
1267.47,-1.6793E-01
1268.48,-1.6791E-01
1269.49,-1.6789E-01
1270.5,-1.6786E-01
1271.51,-1.6784E-01
1272.52,-1.6782E-01
1273.53,-1.6780E-01
1274.53,-1.6778E-01
1275.54,-1.6776E-01
1276.55,-1.6773E-01
1277.56,-1.6771E-01
1278.57,-1.6769E-01
1279.57,-1.6767E-01
1280.58,-1.6765E-01
1281.59,-1.6762E-01
1282.6,-1.6760E-01
1283.61,-1.6758E-01
1284.62,-1.6756E-01
1285.63,-1.6754E-01
1286.63,-1.6751E-01
1287.64,-1.6749E-01
1288.65,-1.6747E-01
1289.66,-1.6745E-01
1290.67,-1.6743E-01
1291.68,-1.6741E-01
1292.68,-1.6738E-01
1293.69,-1.6736E-01
1294.7,-1.6734E-01
1295.71,-1.6732E-01
1296.72,-1.6730E-01
1297.72,-1.6728E-01
1298.73,-1.6726E-01
1299.74,-1.6724E-01
1300.75,-1.6721E-01
1301.76,-1.6719E-01
1302.77,-1.6717E-01
1303.78,-1.6715E-01
1304.78,-1.6713E-01
1305.79,-1.6711E-01
1306.8,-1.6709E-01
1307.81,-1.6707E-01
1308.82,-1.6705E-01
1309.82,-1.6703E-01
1310.83,-1.6701E-01
1311.84,-1.6699E-01
1312.85,-1.6697E-01
1313.86,-1.6695E-01
1314.87,-1.6693E-01
1315.88,-1.6691E-01
1316.88,-1.6689E-01
1317.89,-1.6687E-01
1318.9,-1.6685E-01
1319.91,-1.6683E-01
1320.92,-1.6681E-01
1321.93,-1.6679E-01
1322.93,-1.6677E-01
1323.94,-1.6675E-01
1324.95,-1.6673E-01
1325.96,-1.6671E-01
1326.97,-1.6670E-01
1327.97,-1.6668E-01
1328.98,-1.6666E-01
1329.99,-1.6664E-01
1331,-1.6662E-01
1332.01,-1.6660E-01
1333.02,-1.6658E-01
1334.03,-1.6656E-01
1335.03,-1.6654E-01
1336.04,-1.6652E-01
1337.05,-1.6650E-01
1338.06,-1.6648E-01
1339.07,-1.6646E-01
1340.07,-1.6644E-01
1341.08,-1.6642E-01
1342.09,-1.6640E-01
1343.1,-1.6638E-01
1344.11,-1.6636E-01
1345.12,-1.6634E-01
1346.13,-1.6632E-01
1347.13,-1.6630E-01
1348.14,-1.6628E-01
1349.15,-1.6626E-01
1350.16,-1.6624E-01
1351.17,-1.6622E-01
1352.18,-1.6620E-01
1353.18,-1.6619E-01
1354.19,-1.6617E-01
1355.2,-1.6615E-01
1356.21,-1.6613E-01
1357.22,-1.6611E-01
1358.22,-1.6609E-01
1359.23,-1.6607E-01
1360.24,-1.6605E-01
1361.25,-1.6603E-01
1362.26,-1.6602E-01
1363.27,-1.6600E-01
1364.28,-1.6598E-01
1365.28,-1.6596E-01
1366.29,-1.6594E-01
1367.3,-1.6592E-01
1368.31,-1.6590E-01
1369.32,-1.6588E-01
1370.32,-1.6587E-01
1371.33,-1.6585E-01
1372.34,-1.6583E-01
1373.35,-1.6581E-01
1374.36,-1.6579E-01
1375.37,-1.6577E-01
1376.38,-1.6575E-01
1377.38,-1.6573E-01
1378.39,-1.6571E-01
1379.4,-1.6569E-01
1380.41,-1.6567E-01
1381.42,-1.6565E-01
1382.43,-1.6563E-01
1383.43,-1.6561E-01
1384.44,-1.6560E-01
1385.45,-1.6558E-01
1386.46,-1.6556E-01
1387.47,-1.6554E-01
1388.47,-1.6552E-01
1389.48,-1.6550E-01
1390.49,-1.6548E-01
1391.5,-1.6546E-01
1392.51,-1.6544E-01
1393.52,-1.6542E-01
1394.53,-1.6540E-01
1395.53,-1.6538E-01
1396.54,-1.6536E-01
1397.55,-1.6534E-01
1398.56,-1.6532E-01
1399.57,-1.6530E-01
1400.57,-1.6528E-01
1401.58,-1.6526E-01
1402.59,-1.6525E-01
1403.6,-1.6523E-01
1404.61,-1.6521E-01
1405.62,-1.6519E-01
1406.63,-1.6517E-01
1407.63,-1.6516E-01
1408.64,-1.6514E-01
1409.65,-1.6512E-01
1410.66,-1.6510E-01
1411.67,-1.6509E-01
1412.68,-1.6507E-01
1413.68,-1.6505E-01
1414.69,-1.6503E-01
1415.7,-1.6502E-01
1416.71,-1.6500E-01
1417.72,-1.6498E-01
1418.72,-1.6496E-01
1419.73,-1.6495E-01
1420.74,-1.6493E-01
1421.75,-1.6491E-01
1422.76,-1.6490E-01
1423.77,-1.6488E-01
1424.78,-1.6486E-01
1425.78,-1.6484E-01
1426.79,-1.6483E-01
1427.8,-1.6481E-01
1428.81,-1.6479E-01
1429.82,-1.6478E-01
1430.82,-1.6476E-01
1431.83,-1.6475E-01
1432.84,-1.6473E-01
1433.85,-1.6472E-01
1434.86,-1.6470E-01
1435.87,-1.6468E-01
1436.88,-1.6467E-01
1437.88,-1.6465E-01
1438.89,-1.6464E-01
1439.9,-1.6462E-01
1440.91,-1.6460E-01
1441.92,-1.6459E-01
1442.93,-1.6457E-01
1443.93,-1.6456E-01
1444.94,-1.6454E-01
1445.95,-1.6453E-01
1446.96,-1.6451E-01
1447.97,-1.6450E-01
1448.97,-1.6448E-01
1449.98,-1.6447E-01
1450.99,-1.6445E-01
1452,-1.6444E-01
1453.01,-1.6442E-01
1454.02,-1.6441E-01
1455.03,-1.6439E-01
1456.03,-1.6438E-01
1457.04,-1.6436E-01
1458.05,-1.6435E-01
1459.06,-1.6433E-01
1460.07,-1.6432E-01
1461.07,-1.6431E-01
1462.08,-1.6429E-01
1463.09,-1.6428E-01
1464.1,-1.6426E-01
1465.11,-1.6425E-01
1466.12,-1.6423E-01
1467.13,-1.6422E-01
1468.13,-1.6421E-01
1469.14,-1.6419E-01
1470.15,-1.6418E-01
1471.16,-1.6416E-01
1472.17,-1.6415E-01
1473.18,-1.6414E-01
1474.18,-1.6412E-01
1475.19,-1.6411E-01
1476.2,-1.6409E-01
1477.21,-1.6408E-01
1478.22,-1.6407E-01
1479.22,-1.6405E-01
1480.23,-1.6404E-01
1481.24,-1.6402E-01
1482.25,-1.6401E-01
1483.26,-1.6400E-01
1484.27,-1.6398E-01
1485.28,-1.6397E-01
1486.28,-1.6395E-01
1487.29,-1.6394E-01
1488.3,-1.6392E-01
1489.31,-1.6391E-01
1490.32,-1.6389E-01
1491.32,-1.6388E-01
1492.33,-1.6387E-01
1493.34,-1.6386E-01
1494.35,-1.6386E-01
1495.36,-1.6385E-01
1496.37,-1.6384E-01
1497.38,-1.6383E-01
1498.38,-1.6381E-01
1499.39,-1.6380E-01
1500.4,-1.6379E-01
1501.41,-1.6378E-01
1502.42,-1.6377E-01
1503.43,-1.6376E-01
1504.43,-1.6376E-01
1505.44,-1.6375E-01
1506.45,-1.6373E-01
1507.46,-1.6372E-01
1508.47,-1.6371E-01
1509.47,-1.6370E-01
1510.48,-1.6369E-01
1511.49,-1.6367E-01
1512.5,-1.6366E-01
1513.51,-1.6364E-01
1514.52,-1.6363E-01
1515.53,-1.6361E-01
1516.53,-1.6360E-01
1517.54,-1.6359E-01
1518.55,-1.6357E-01
1519.56,-1.6355E-01
1520.57,-1.6354E-01
1521.57,-1.6352E-01
1522.58,-1.6351E-01
1523.59,-1.6349E-01
1524.6,-1.6348E-01
1525.61,-1.6346E-01
1526.62,-1.6345E-01
1527.63,-1.6343E-01
1528.63,-1.6342E-01
1529.64,-1.6340E-01
1530.65,-1.6339E-01
1531.66,-1.6337E-01
1532.67,-1.6336E-01
1533.68,-1.6334E-01
1534.68,-1.6332E-01
1535.69,-1.6331E-01
1536.7,-1.6329E-01
1537.71,-1.6328E-01
1538.72,-1.6326E-01
1539.72,-1.6325E-01
1540.73,-1.6323E-01
1541.74,-1.6321E-01
1542.75,-1.6320E-01
1543.76,-1.6318E-01
1544.77,-1.6317E-01
1545.78,-1.6315E-01
1546.78,-1.6313E-01
1547.79,-1.6312E-01
1548.8,-1.6310E-01
1549.81,-1.6308E-01
1550.82,-1.6307E-01
1551.82,-1.6305E-01
1552.83,-1.6303E-01
1553.84,-1.6302E-01
1554.85,-1.6300E-01
1555.86,-1.6298E-01
1556.87,-1.6296E-01
1557.88,-1.6295E-01
1558.88,-1.6293E-01
1559.89,-1.6291E-01
1560.9,-1.6289E-01
1561.91,-1.6287E-01
1562.92,-1.6285E-01
1563.92,-1.6284E-01
1564.93,-1.6282E-01
1565.94,-1.6280E-01
1566.95,-1.6278E-01
1567.96,-1.6276E-01
1568.97,-1.6275E-01
1569.97,-1.6273E-01
1570.98,-1.6271E-01
1571.99,-1.6269E-01
1573,-1.6267E-01
1574.01,-1.6265E-01
1575.02,-1.6263E-01
1576.03,-1.6262E-01
1577.03,-1.6260E-01
1578.04,-1.6258E-01
1579.05,-1.6256E-01
1580.06,-1.6254E-01
1581.07,-1.6253E-01
1582.07,-1.6251E-01
1583.08,-1.6249E-01
1584.09,-1.6247E-01
1585.1,-1.6245E-01
1586.11,-1.6244E-01
1587.12,-1.6242E-01
1588.13,-1.6240E-01
1589.13,-1.6238E-01
1590.14,-1.6236E-01
1591.15,-1.6235E-01
1592.16,-1.6233E-01
1593.17,-1.6231E-01
1594.17,-1.6230E-01
1595.18,-1.6228E-01
1596.19,-1.6226E-01
1597.2,-1.6224E-01
1598.21,-1.6223E-01
1599.22,-1.6221E-01
1600.22,-1.6219E-01
1601.23,-1.6218E-01
1602.24,-1.6216E-01
1603.25,-1.6214E-01
1604.26,-1.6213E-01
1605.27,-1.6211E-01
1606.28,-1.6209E-01
1607.28,-1.6207E-01
1608.29,-1.6205E-01
1609.3,-1.6203E-01
1610.31,-1.6201E-01
1611.32,-1.6199E-01
1612.32,-1.6197E-01
1613.33,-1.6196E-01
1614.34,-1.6194E-01
1615.35,-1.6192E-01
1616.36,-1.6190E-01
1617.37,-1.6188E-01
1618.38,-1.6186E-01
1619.38,-1.6184E-01
1620.39,-1.6182E-01
1621.4,-1.6181E-01
1622.41,-1.6179E-01
1623.42,-1.6177E-01
1624.42,-1.6175E-01
1625.43,-1.6173E-01
1626.44,-1.6171E-01
1627.45,-1.6169E-01
1628.46,-1.6167E-01
1629.47,-1.6166E-01
1630.47,-1.6164E-01
1631.48,-1.6162E-01
1632.49,-1.6160E-01
1633.5,-1.6158E-01
1634.51,-1.6157E-01
1635.52,-1.6155E-01
1636.53,-1.6154E-01
1637.53,-1.6153E-01
1638.54,-1.6151E-01
1639.55,-1.6149E-01
1640.56,-1.6147E-01
1641.57,-1.6145E-01
1642.57,-1.6143E-01
1643.58,-1.6141E-01
1644.59,-1.6139E-01
1645.6,-1.6137E-01
1646.61,-1.6135E-01
1647.62,-1.6133E-01
1648.62,-1.6131E-01
1649.63,-1.6129E-01
1650.64,-1.6128E-01
1651.65,-1.6126E-01
1652.66,-1.6124E-01
1653.67,-1.6122E-01
1654.67,-1.6120E-01
1655.68,-1.6118E-01
1656.69,-1.6117E-01
1657.7,-1.6115E-01
1658.71,-1.6113E-01
1659.72,-1.6111E-01
1660.72,-1.6110E-01
1661.73,-1.6108E-01
1662.74,-1.6106E-01
1663.75,-1.6104E-01
1664.76,-1.6102E-01
1665.77,-1.6100E-01
1666.78,-1.6099E-01
1667.78,-1.6097E-01
1668.79,-1.6095E-01
1669.8,-1.6093E-01
1670.81,-1.6091E-01
1671.82,-1.6089E-01
1672.82,-1.6087E-01
1673.83,-1.6086E-01
1674.84,-1.6084E-01
1675.85,-1.6082E-01
1676.86,-1.6080E-01
1677.87,-1.6078E-01
1678.88,-1.6076E-01
1679.88,-1.6074E-01
1680.89,-1.6072E-01
1681.9,-1.6070E-01
1682.91,-1.6068E-01
1683.92,-1.6067E-01
1684.92,-1.6065E-01
1685.93,-1.6063E-01
1686.94,-1.6061E-01
1687.95,-1.6059E-01
1688.96,-1.6057E-01
1689.97,-1.6055E-01
1690.97,-1.6053E-01
1691.98,-1.6051E-01
1692.99,-1.6049E-01
1694,-1.6047E-01
1695.01,-1.6045E-01
1696.02,-1.6043E-01
1697.03,-1.6041E-01
1698.03,-1.6039E-01
1699.04,-1.6037E-01
1700.05,-1.6035E-01
1701.06,-1.6033E-01
1702.07,-1.6031E-01
1703.07,-1.6030E-01
1704.08,-1.6028E-01
1705.09,-1.6026E-01
1706.1,-1.6024E-01
1707.11,-1.6022E-01
1708.12,-1.6021E-01
1709.13,-1.6019E-01
1710.13,-1.6017E-01
1711.14,-1.6015E-01
1712.15,-1.6013E-01
1713.16,-1.6012E-01
1714.17,-1.6010E-01
1715.17,-1.6008E-01
1716.18,-1.6007E-01
1717.19,-1.6005E-01
1718.2,-1.6003E-01
1719.21,-1.6001E-01
1720.22,-1.6000E-01
1721.22,-1.5998E-01
1722.23,-1.5996E-01
1723.24,-1.5995E-01
1724.25,-1.5993E-01
1725.26,-1.5992E-01
1726.27,-1.5990E-01
1727.28,-1.5989E-01
1728.28,-1.5987E-01
1729.29,-1.5986E-01
1730.3,-1.5984E-01
1731.31,-1.5982E-01
1732.32,-1.5981E-01
1733.32,-1.5979E-01
1734.33,-1.5977E-01
1735.34,-1.5976E-01
1736.35,-1.5974E-01
1737.36,-1.5973E-01
1738.37,-1.5971E-01
1739.38,-1.5970E-01
1740.38,-1.5968E-01
1741.39,-1.5966E-01
1742.4,-1.5965E-01
1743.41,-1.5963E-01
1744.42,-1.5961E-01
1745.42,-1.5960E-01
1746.43,-1.5958E-01
1747.44,-1.5957E-01
1748.45,-1.5955E-01
1749.46,-1.5953E-01
1750.47,-1.5952E-01
1751.47,-1.5950E-01
1752.48,-1.5949E-01
1753.49,-1.5947E-01
1754.5,-1.5946E-01
1755.51,-1.5944E-01
1756.52,-1.5943E-01
1757.53,-1.5941E-01
1758.53,-1.5939E-01
1759.54,-1.5938E-01
1760.55,-1.5936E-01
1761.56,-1.5935E-01
1762.57,-1.5933E-01
1763.57,-1.5932E-01
1764.58,-1.5930E-01
1765.59,-1.5929E-01
1766.6,-1.5927E-01
1767.61,-1.5926E-01
1768.62,-1.5924E-01
1769.63,-1.5923E-01
1770.63,-1.5921E-01
1771.64,-1.5919E-01
1772.65,-1.5918E-01
1773.66,-1.5916E-01
1774.67,-1.5915E-01
1775.67,-1.5913E-01
1776.68,-1.5912E-01
1777.69,-1.5910E-01
1778.7,-1.5909E-01
1779.71,-1.5907E-01
1780.72,-1.5905E-01
1781.72,-1.5904E-01
1782.73,-1.5902E-01
1783.74,-1.5901E-01
1784.75,-1.5899E-01
1785.76,-1.5897E-01
1786.77,-1.5896E-01
1787.78,-1.5894E-01
1788.78,-1.5893E-01
1789.79,-1.5891E-01
1790.8,-1.5890E-01
1791.81,-1.5888E-01
1792.82,-1.5886E-01
1793.82,-1.5885E-01
1794.83,-1.5883E-01
1795.84,-1.5881E-01
1796.85,-1.5880E-01
1797.86,-1.5878E-01
1798.87,-1.5877E-01
1799.88,-1.5875E-01
